{
    "stage1": {
        "accuracy": 0.8764909281903075,
        "overlap f1": 0.32099396797242247
    },
    "stage2": {
        "accuracy": 0.9164466864890528,
        "overlap f1": 0.887357943209687
    }
}