{
    "stage1": {
        "accuracy": 0.8834435533672795,
        "overlap f1": 0.308529716863721
    },
    "stage2": {
        "accuracy": 0.926562811238871,
        "overlap f1": 0.910791171142048
    }
}