{
    "Stage 1": {
        "Accuracy": 0.8756081816369524,
        "F1@50": 0.32380147795656034
    },
    "Stage 2": {
        "Accuracy": 0.9155538720222467,
        "F1@50": 0.8690201943192374
    }
}