{
    "stage1": {
        "accuracy": 0.8769932909495523,
        "overlap f1": 0.32544755882131454
    },
    "stage2": {
        "accuracy": 0.9144817689759737,
        "overlap f1": 0.8780777834605586
    }
}