{
    "Stage 1": {
        "Accuracy": 0.8658632567038549,
        "F1@50": 0.27992178008147633
    },
    "Stage 2": {
        "Accuracy": 0.9098286423000254,
        "F1@50": 0.8758141380150949
    }
}