{
    "stage1": {
        "accuracy": 0.8768646451478853,
        "overlap f1": 0.323880376385813
    },
    "stage2": {
        "accuracy": 0.9124147051323872,
        "overlap f1": 0.8827579632842788
    }
}