{
    "stage1": {
        "accuracy": 0.878302828569679,
        "overlap f1": 0.3477009570627531
    },
    "stage2": {
        "accuracy": 0.9177734553715612,
        "overlap f1": 0.8975787872761035
    }
}