{
    "Stage 1": {
        "Accuracy": 0.8771426607655262,
        "F1@50": 0.3313442120528457
    },
    "Stage 2": {
        "Accuracy": 0.9148710742598625,
        "F1@50": 0.8968343770507281
    }
}