{
    "Stage 1": {
        "Accuracy": 0.8759169339368654,
        "F1@50": 0.2755189937227798
    },
    "Stage 2": {
        "Accuracy": 0.9155790885368147,
        "F1@50": 0.9115627062995483
    }
}