{
    "stage1": {
        "accuracy": 0.8668503229171413,
        "overlap f1": 0.2994112307285105
    },
    "stage2": {
        "accuracy": 0.9110006917264717,
        "overlap f1": 0.8675840108854462
    }
}