{
    "Stage 1": {
        "Accuracy": 0.8851072733358161,
        "F1@50": 0.32086037071368634
    },
    "Stage 2": {
        "Accuracy": 0.9281636520366164,
        "F1@50": 0.9118833083745362
    }
}