{
    "Stage 1": {
        "Accuracy": 0.8759276612758029,
        "F1@50": 0.3062893669054697
    },
    "Stage 2": {
        "Accuracy": 0.9167992658311132,
        "F1@50": 0.893022944811829
    }
}